Runtime, 2400, 100, 100, 0.875698
Runtime, 2400, 100, 100, 0.877133
Runtime, 2400, 100, 100, 0.964649
Runtime, 2400, 100, 100, 0.878537
Runtime, 2400, 100, 100, 0.880510
Runtime, 2400, 100, 100, 0.879395
Runtime, 2400, 100, 100, 0.878946
Runtime, 2400, 100, 100, 0.913677
Runtime, 2400, 100, 100, 0.875823
Runtime, 2400, 100, 100, 0.877472
Runtime, 2400, 100, 100, 0.877583
Runtime, 2400, 100, 100, 0.878647
Runtime, 2400, 100, 100, 0.878241
Runtime, 2400, 100, 100, 0.876804
Runtime, 2400, 100, 100, 0.879019
Runtime, 2400, 100, 100, 0.877555
Runtime, 2400, 100, 100, 0.878801
Runtime, 2400, 100, 100, 0.878738
Runtime, 2400, 100, 100, 0.876732
Runtime, 2400, 100, 100, 0.876113
Runtime, 2400, 100, 100, 0.876830
Runtime, 2400, 100, 100, 0.878600
Runtime, 2400, 100, 100, 0.881464
Runtime, 2400, 100, 100, 0.878761
Runtime, 2400, 100, 100, 0.876490
Runtime, 2400, 100, 100, 0.880851
Runtime, 2400, 100, 100, 0.878682
Runtime, 2400, 100, 100, 0.880317
Runtime, 2400, 100, 100, 0.876791
Runtime, 2400, 100, 100, 0.877094
Runtime, 2400, 100, 100, 0.876846
Runtime, 2400, 100, 100, 0.876528
Runtime, 2400, 100, 100, 0.879164
Runtime, 2400, 100, 100, 0.876943
Runtime, 2400, 100, 100, 0.880388
Runtime, 2400, 100, 100, 0.877600
Runtime, 2400, 100, 100, 0.878591
Runtime, 2400, 100, 100, 0.878235
Runtime, 2400, 100, 100, 0.877756
Runtime, 2400, 100, 100, 0.876036
Runtime, 2400, 100, 100, 0.877563
Runtime, 2400, 100, 100, 0.875331
Runtime, 2400, 100, 100, 0.965656
Runtime, 2400, 100, 100, 0.876977
Runtime, 2400, 100, 100, 0.882878
Runtime, 2400, 100, 100, 0.880248
Runtime, 2400, 100, 100, 0.876012
Runtime, 2400, 100, 100, 0.878279
Runtime, 2400, 100, 100, 0.877148
Runtime, 2400, 100, 100, 0.880310
Runtime, 2400, 100, 100, 0.877991
Runtime, 2400, 100, 100, 0.876525
Runtime, 2400, 100, 100, 0.876701
Runtime, 2400, 100, 100, 0.880323
Runtime, 2400, 100, 100, 0.877935
Runtime, 2400, 100, 100, 0.878927
Runtime, 2400, 100, 100, 0.877446
Runtime, 2400, 100, 100, 0.877308
Runtime, 2400, 100, 100, 0.877949
Runtime, 2400, 100, 100, 0.876484
Runtime, 2400, 100, 100, 0.881240
Runtime, 2400, 100, 100, 0.876319
Runtime, 2400, 100, 100, 0.879877
Runtime, 2400, 100, 100, 0.878624
Runtime, 2400, 100, 100, 0.878190
Runtime, 2400, 100, 100, 0.878170
Runtime, 2400, 100, 100, 0.879963
Runtime, 2400, 100, 100, 0.876342
Runtime, 2400, 100, 100, 0.876708
Runtime, 2400, 100, 100, 0.877799
Runtime, 2400, 100, 100, 0.877380
Runtime, 2400, 100, 100, 0.878134
Runtime, 2400, 100, 100, 0.876602
Runtime, 2400, 100, 100, 0.879342
Runtime, 2400, 100, 100, 0.880507
Runtime, 2400, 100, 100, 0.877720
Runtime, 2400, 100, 100, 0.877307
Runtime, 2400, 100, 100, 0.879946
Runtime, 2400, 100, 100, 0.878463
Runtime, 2400, 100, 100, 0.877261
Runtime, 2400, 100, 100, 0.879352
Runtime, 2400, 100, 100, 0.875916
Runtime, 2400, 100, 100, 0.876567
Runtime, 2400, 100, 100, 0.877183
Runtime, 2400, 100, 100, 0.876020
Runtime, 2400, 100, 100, 0.876453
Runtime, 2400, 100, 100, 0.876968
Runtime, 2400, 100, 100, 0.876949
Runtime, 2400, 100, 100, 0.879870
Runtime, 2400, 100, 100, 0.882057
Runtime, 2400, 100, 100, 0.881516
Runtime, 2400, 100, 100, 0.880974
Runtime, 2400, 100, 100, 0.879067
Runtime, 2400, 100, 100, 0.877341
Runtime, 2400, 100, 100, 0.878541
Runtime, 2400, 100, 100, 0.876343
Runtime, 2400, 100, 100, 0.878114
Runtime, 2400, 100, 100, 0.878338
Runtime, 2400, 100, 100, 0.877020
Runtime, 2400, 100, 100, 0.876655
Runtime, 2400, 100, 100, 0.837057
Runtime, 2400, 100, 100, 0.844444
Runtime, 2400, 100, 100, 0.846292
Runtime, 2400, 100, 100, 0.849467
Runtime, 2400, 100, 100, 0.841942
Runtime, 2400, 100, 100, 0.842507
Runtime, 2400, 100, 100, 0.843047
Runtime, 2400, 100, 100, 0.843981
Runtime, 2400, 100, 100, 0.846495
Runtime, 2400, 100, 100, 0.841150
Runtime, 2400, 100, 100, 0.841762
Runtime, 2400, 100, 100, 0.846469
Runtime, 2400, 100, 100, 0.844374
Runtime, 2400, 100, 100, 0.845592
Runtime, 2400, 100, 100, 0.849049
Runtime, 2400, 100, 100, 0.841628
Runtime, 2400, 100, 100, 0.843949
Runtime, 2400, 100, 100, 0.861429
Runtime, 2400, 100, 100, 0.844432
Runtime, 2400, 100, 100, 0.842359
Runtime, 2400, 100, 100, 0.846433
Runtime, 2400, 100, 100, 0.843999
Runtime, 2400, 100, 100, 0.846307
Runtime, 2400, 100, 100, 0.845813
Runtime, 2400, 100, 100, 0.840143
Runtime, 2400, 100, 100, 0.846539
Runtime, 2400, 100, 100, 0.846253
Runtime, 2400, 100, 100, 0.840805
Runtime, 2400, 100, 100, 0.844859
Runtime, 2400, 100, 100, 0.846189
Runtime, 2400, 100, 100, 0.840885
Runtime, 2400, 100, 100, 0.844449
Runtime, 2400, 100, 100, 0.844795
Runtime, 2400, 100, 100, 0.840153
Runtime, 2400, 100, 100, 0.842935
Runtime, 2400, 100, 100, 0.846234
Runtime, 2400, 100, 100, 0.842628
Runtime, 2400, 100, 100, 0.844543
Runtime, 2400, 100, 100, 0.842019
Runtime, 2400, 100, 100, 0.843447
Runtime, 2400, 100, 100, 0.843246
Runtime, 2400, 100, 100, 0.846785
Runtime, 2400, 100, 100, 0.843632
Runtime, 2400, 100, 100, 0.846121
Runtime, 2400, 100, 100, 0.846148
Runtime, 2400, 100, 100, 0.840635
Runtime, 2400, 100, 100, 0.845380
Runtime, 2400, 100, 100, 0.846592
Runtime, 2400, 100, 100, 0.855982
Runtime, 2400, 100, 100, 0.843330
Runtime, 2400, 100, 100, 0.850418
Runtime, 2400, 100, 100, 0.844790
Runtime, 2400, 100, 100, 0.841104
Runtime, 2400, 100, 100, 0.846455
Runtime, 2400, 100, 100, 0.845148
Runtime, 2400, 100, 100, 0.846444
Runtime, 2400, 100, 100, 0.848017
Runtime, 2400, 100, 100, 0.844073
Runtime, 2400, 100, 100, 0.840586
Runtime, 2400, 100, 100, 0.844658
Runtime, 2400, 100, 100, 0.844507
Runtime, 2400, 100, 100, 0.844427
Runtime, 2400, 100, 100, 0.847571
Runtime, 2400, 100, 100, 0.844487
Runtime, 2400, 100, 100, 0.845052
Runtime, 2400, 100, 100, 0.840463
Runtime, 2400, 100, 100, 0.843450
Runtime, 2400, 100, 100, 0.846173
Runtime, 2400, 100, 100, 0.847153
Runtime, 2400, 100, 100, 0.844274
Runtime, 2400, 100, 100, 0.846145
Runtime, 2400, 100, 100, 0.840626
Runtime, 2400, 100, 100, 0.845201
Runtime, 2400, 100, 100, 0.844030
Runtime, 2400, 100, 100, 0.847078
Runtime, 2400, 100, 100, 0.931010
Runtime, 2400, 100, 100, 0.844587
Runtime, 2400, 100, 100, 0.845306
Runtime, 2400, 100, 100, 0.847291
Runtime, 2400, 100, 100, 0.844704
Runtime, 2400, 100, 100, 0.841723
Runtime, 2400, 100, 100, 0.845427
Runtime, 2400, 100, 100, 0.844151
Runtime, 2400, 100, 100, 0.845927
Runtime, 2400, 100, 100, 0.845023
Runtime, 2400, 100, 100, 0.846288
Runtime, 2400, 100, 100, 0.847494
Runtime, 2400, 100, 100, 0.846475
Runtime, 2400, 100, 100, 0.843773
Runtime, 2400, 100, 100, 0.841478
Runtime, 2400, 100, 100, 0.844515
Runtime, 2400, 100, 100, 0.879776
Runtime, 2400, 100, 100, 0.842119
Runtime, 2400, 100, 100, 0.845061
Runtime, 2400, 100, 100, 0.843814
Runtime, 2400, 100, 100, 0.843872
Runtime, 2400, 100, 100, 0.846882
Runtime, 2400, 100, 100, 0.846555
Runtime, 2400, 100, 100, 0.853005
Runtime, 2400, 100, 100, 0.844700
Runtime, 2400, 100, 100, 0.830522
Runtime, 2400, 100, 100, 0.831247
Runtime, 2400, 100, 100, 0.828984
Runtime, 2400, 100, 100, 0.831116
Runtime, 2400, 100, 100, 0.830850
Runtime, 2400, 100, 100, 0.828663
Runtime, 2400, 100, 100, 0.829635
Runtime, 2400, 100, 100, 0.829679
Runtime, 2400, 100, 100, 0.830078
Runtime, 2400, 100, 100, 0.831837
Runtime, 2400, 100, 100, 0.827740
Runtime, 2400, 100, 100, 0.826088
Runtime, 2400, 100, 100, 0.828150
Runtime, 2400, 100, 100, 0.831341
Runtime, 2400, 100, 100, 0.829833
Runtime, 2400, 100, 100, 0.828945
Runtime, 2400, 100, 100, 0.827660
Runtime, 2400, 100, 100, 0.830378
Runtime, 2400, 100, 100, 0.829541
Runtime, 2400, 100, 100, 0.828837
Runtime, 2400, 100, 100, 0.834030
Runtime, 2400, 100, 100, 0.832879
Runtime, 2400, 100, 100, 0.829521
Runtime, 2400, 100, 100, 0.831927
Runtime, 2400, 100, 100, 0.829999
Runtime, 2400, 100, 100, 0.828982
Runtime, 2400, 100, 100, 0.831359
Runtime, 2400, 100, 100, 0.826972
Runtime, 2400, 100, 100, 0.829270
Runtime, 2400, 100, 100, 0.828777
Runtime, 2400, 100, 100, 0.827041
Runtime, 2400, 100, 100, 0.830870
Runtime, 2400, 100, 100, 0.831118
Runtime, 2400, 100, 100, 0.829389
Runtime, 2400, 100, 100, 0.826770
Runtime, 2400, 100, 100, 0.828466
Runtime, 2400, 100, 100, 0.830369
Runtime, 2400, 100, 100, 0.831717
Runtime, 2400, 100, 100, 0.830929
Runtime, 2400, 100, 100, 0.831566
Runtime, 2400, 100, 100, 0.829276
Runtime, 2400, 100, 100, 0.826647
Runtime, 2400, 100, 100, 0.833475
Runtime, 2400, 100, 100, 0.830638
Runtime, 2400, 100, 100, 0.827590
Runtime, 2400, 100, 100, 0.827669
Runtime, 2400, 100, 100, 0.832109
Runtime, 2400, 100, 100, 0.827650
Runtime, 2400, 100, 100, 0.867303
Runtime, 2400, 100, 100, 0.830897
Runtime, 2400, 100, 100, 0.827997
Runtime, 2400, 100, 100, 0.830102
Runtime, 2400, 100, 100, 0.827867
Runtime, 2400, 100, 100, 0.825773
Runtime, 2400, 100, 100, 0.829454
Runtime, 2400, 100, 100, 0.830542
Runtime, 2400, 100, 100, 0.827256
Runtime, 2400, 100, 100, 0.829916
Runtime, 2400, 100, 100, 0.832492
Runtime, 2400, 100, 100, 0.829229
Runtime, 2400, 100, 100, 0.826349
Runtime, 2400, 100, 100, 0.831693
Runtime, 2400, 100, 100, 0.828337
Runtime, 2400, 100, 100, 0.827256
Runtime, 2400, 100, 100, 0.826929
Runtime, 2400, 100, 100, 0.830820
Runtime, 2400, 100, 100, 0.834318
Runtime, 2400, 100, 100, 0.830664
Runtime, 2400, 100, 100, 0.829393
Runtime, 2400, 100, 100, 0.829272
Runtime, 2400, 100, 100, 0.832592
Runtime, 2400, 100, 100, 0.825148
Runtime, 2400, 100, 100, 0.827565
Runtime, 2400, 100, 100, 0.829387
Runtime, 2400, 100, 100, 0.832820
Runtime, 2400, 100, 100, 0.831296
Runtime, 2400, 100, 100, 0.831804
Runtime, 2400, 100, 100, 0.829512
Runtime, 2400, 100, 100, 0.828225
Runtime, 2400, 100, 100, 0.829396
Runtime, 2400, 100, 100, 0.829990
Runtime, 2400, 100, 100, 0.833827
Runtime, 2400, 100, 100, 0.830942
Runtime, 2400, 100, 100, 0.829044
Runtime, 2400, 100, 100, 0.828950
Runtime, 2400, 100, 100, 0.830032
Runtime, 2400, 100, 100, 0.831438
Runtime, 2400, 100, 100, 0.832758
Runtime, 2400, 100, 100, 0.830281
Runtime, 2400, 100, 100, 0.832625
Runtime, 2400, 100, 100, 0.831342
Runtime, 2400, 100, 100, 0.831349
Runtime, 2400, 100, 100, 0.827539
Runtime, 2400, 100, 100, 0.831600
Runtime, 2400, 100, 100, 0.828418
Runtime, 2400, 100, 100, 0.834869
Runtime, 2400, 100, 100, 0.828162
Runtime, 2400, 100, 100, 0.831896
Runtime, 2400, 100, 100, 0.828742
Runtime, 2400, 100, 100, 0.830211
Runtime, 2400, 100, 100, 0.820794
Runtime, 2400, 100, 100, 0.822415
Runtime, 2400, 100, 100, 0.820938
Runtime, 2400, 100, 100, 0.817091
Runtime, 2400, 100, 100, 0.821275
Runtime, 2400, 100, 100, 0.821791
Runtime, 2400, 100, 100, 0.821353
Runtime, 2400, 100, 100, 0.822988
Runtime, 2400, 100, 100, 0.818043
Runtime, 2400, 100, 100, 0.820388
Runtime, 2400, 100, 100, 0.820619
Runtime, 2400, 100, 100, 0.821684
Runtime, 2400, 100, 100, 0.820845
Runtime, 2400, 100, 100, 0.820274
Runtime, 2400, 100, 100, 0.821103
Runtime, 2400, 100, 100, 0.820301
Runtime, 2400, 100, 100, 0.822618
Runtime, 2400, 100, 100, 0.817170
Runtime, 2400, 100, 100, 0.820956
Runtime, 2400, 100, 100, 0.821003
Runtime, 2400, 100, 100, 0.818033
Runtime, 2400, 100, 100, 0.822944
Runtime, 2400, 100, 100, 0.818082
Runtime, 2400, 100, 100, 0.822954
Runtime, 2400, 100, 100, 0.821858
Runtime, 2400, 100, 100, 0.821223
Runtime, 2400, 100, 100, 0.818684
Runtime, 2400, 100, 100, 0.820358
Runtime, 2400, 100, 100, 0.819720
Runtime, 2400, 100, 100, 0.817296
Runtime, 2400, 100, 100, 0.818632
Runtime, 2400, 100, 100, 0.820867
Runtime, 2400, 100, 100, 0.820029
Runtime, 2400, 100, 100, 0.820806
Runtime, 2400, 100, 100, 0.818807
Runtime, 2400, 100, 100, 0.821845
Runtime, 2400, 100, 100, 0.821317
Runtime, 2400, 100, 100, 0.822319
Runtime, 2400, 100, 100, 0.818340
Runtime, 2400, 100, 100, 0.820734
Runtime, 2400, 100, 100, 0.821309
Runtime, 2400, 100, 100, 0.822740
Runtime, 2400, 100, 100, 0.822704
Runtime, 2400, 100, 100, 0.820315
Runtime, 2400, 100, 100, 0.819883
Runtime, 2400, 100, 100, 0.819068
Runtime, 2400, 100, 100, 0.819506
Runtime, 2400, 100, 100, 0.818832
Runtime, 2400, 100, 100, 0.821541
Runtime, 2400, 100, 100, 0.821790
Runtime, 2400, 100, 100, 0.818310
Runtime, 2400, 100, 100, 0.821942
Runtime, 2400, 100, 100, 0.818494
Runtime, 2400, 100, 100, 0.818665
Runtime, 2400, 100, 100, 0.817195
Runtime, 2400, 100, 100, 0.817479
Runtime, 2400, 100, 100, 0.819915
Runtime, 2400, 100, 100, 0.820914
Runtime, 2400, 100, 100, 0.822446
Runtime, 2400, 100, 100, 0.821963
Runtime, 2400, 100, 100, 0.819586
Runtime, 2400, 100, 100, 0.822121
Runtime, 2400, 100, 100, 0.820735
Runtime, 2400, 100, 100, 0.819661
Runtime, 2400, 100, 100, 0.821069
Runtime, 2400, 100, 100, 0.817137
Runtime, 2400, 100, 100, 0.817531
Runtime, 2400, 100, 100, 0.818700
Runtime, 2400, 100, 100, 0.820106
Runtime, 2400, 100, 100, 0.821203
Runtime, 2400, 100, 100, 0.822772
Runtime, 2400, 100, 100, 0.819195
Runtime, 2400, 100, 100, 0.819756
Runtime, 2400, 100, 100, 0.820871
Runtime, 2400, 100, 100, 0.817708
Runtime, 2400, 100, 100, 0.820301
Runtime, 2400, 100, 100, 0.818051
Runtime, 2400, 100, 100, 0.820454
Runtime, 2400, 100, 100, 0.821971
Runtime, 2400, 100, 100, 0.819159
Runtime, 2400, 100, 100, 0.821842
Runtime, 2400, 100, 100, 0.822491
Runtime, 2400, 100, 100, 0.819588
Runtime, 2400, 100, 100, 0.817667
Runtime, 2400, 100, 100, 0.820695
Runtime, 2400, 100, 100, 0.818757
Runtime, 2400, 100, 100, 0.820677
Runtime, 2400, 100, 100, 0.820090
Runtime, 2400, 100, 100, 0.820601
Runtime, 2400, 100, 100, 0.821748
Runtime, 2400, 100, 100, 0.817560
Runtime, 2400, 100, 100, 0.820859
Runtime, 2400, 100, 100, 0.820468
Runtime, 2400, 100, 100, 0.817218
Runtime, 2400, 100, 100, 0.820524
Runtime, 2400, 100, 100, 0.819226
Runtime, 2400, 100, 100, 0.817481
Runtime, 2400, 100, 100, 0.835706
Runtime, 2400, 100, 100, 0.820726
Runtime, 2400, 100, 100, 0.818465
Runtime, 2400, 100, 100, 0.812045
Runtime, 2400, 100, 100, 0.812164
Runtime, 2400, 100, 100, 0.813113
Runtime, 2400, 100, 100, 0.814694
Runtime, 2400, 100, 100, 0.809260
Runtime, 2400, 100, 100, 0.813895
Runtime, 2400, 100, 100, 0.814657
Runtime, 2400, 100, 100, 0.815122
Runtime, 2400, 100, 100, 0.812798
Runtime, 2400, 100, 100, 0.813773
Runtime, 2400, 100, 100, 0.812762
Runtime, 2400, 100, 100, 0.812928
Runtime, 2400, 100, 100, 0.810319
Runtime, 2400, 100, 100, 0.813811
Runtime, 2400, 100, 100, 0.829247
Runtime, 2400, 100, 100, 0.812387
Runtime, 2400, 100, 100, 0.810776
Runtime, 2400, 100, 100, 0.814490
Runtime, 2400, 100, 100, 0.810490
Runtime, 2400, 100, 100, 0.811429
Runtime, 2400, 100, 100, 0.809472
Runtime, 2400, 100, 100, 0.809435
Runtime, 2400, 100, 100, 0.813930
Runtime, 2400, 100, 100, 0.809848
Runtime, 2400, 100, 100, 0.814522
Runtime, 2400, 100, 100, 0.813404
Runtime, 2400, 100, 100, 0.813301
Runtime, 2400, 100, 100, 0.813026
Runtime, 2400, 100, 100, 0.814973
Runtime, 2400, 100, 100, 0.809671
Runtime, 2400, 100, 100, 0.813275
Runtime, 2400, 100, 100, 0.809247
Runtime, 2400, 100, 100, 0.814074
Runtime, 2400, 100, 100, 0.811198
Runtime, 2400, 100, 100, 0.813627
Runtime, 2400, 100, 100, 0.811590
Runtime, 2400, 100, 100, 0.814493
Runtime, 2400, 100, 100, 0.814038
Runtime, 2400, 100, 100, 0.811715
Runtime, 2400, 100, 100, 0.813326
Runtime, 2400, 100, 100, 0.809354
Runtime, 2400, 100, 100, 0.813503
Runtime, 2400, 100, 100, 0.812971
Runtime, 2400, 100, 100, 0.813505
Runtime, 2400, 100, 100, 0.830111
Runtime, 2400, 100, 100, 0.813538
Runtime, 2400, 100, 100, 0.812735
Runtime, 2400, 100, 100, 0.809540
Runtime, 2400, 100, 100, 0.811487
Runtime, 2400, 100, 100, 0.814629
Runtime, 2400, 100, 100, 0.814360
Runtime, 2400, 100, 100, 0.810191
Runtime, 2400, 100, 100, 0.810160
Runtime, 2400, 100, 100, 0.809753
Runtime, 2400, 100, 100, 0.814654
Runtime, 2400, 100, 100, 0.812034
Runtime, 2400, 100, 100, 0.814128
Runtime, 2400, 100, 100, 0.812287
Runtime, 2400, 100, 100, 0.813452
Runtime, 2400, 100, 100, 0.811742
Runtime, 2400, 100, 100, 0.815990
Runtime, 2400, 100, 100, 0.812704
Runtime, 2400, 100, 100, 0.811031
Runtime, 2400, 100, 100, 0.811260
Runtime, 2400, 100, 100, 0.809036
Runtime, 2400, 100, 100, 0.811584
Runtime, 2400, 100, 100, 0.811773
Runtime, 2400, 100, 100, 0.813944
Runtime, 2400, 100, 100, 0.814053
Runtime, 2400, 100, 100, 0.811021
Runtime, 2400, 100, 100, 0.812877
Runtime, 2400, 100, 100, 0.816006
Runtime, 2400, 100, 100, 0.812146
Runtime, 2400, 100, 100, 0.808005
Runtime, 2400, 100, 100, 0.809990
Runtime, 2400, 100, 100, 0.812182
Runtime, 2400, 100, 100, 0.812026
Runtime, 2400, 100, 100, 0.813234
Runtime, 2400, 100, 100, 0.812179
Runtime, 2400, 100, 100, 0.812244
Runtime, 2400, 100, 100, 0.812823
Runtime, 2400, 100, 100, 0.812269
Runtime, 2400, 100, 100, 0.815453
Runtime, 2400, 100, 100, 0.810814
Runtime, 2400, 100, 100, 0.810779
Runtime, 2400, 100, 100, 0.829796
Runtime, 2400, 100, 100, 0.811445
Runtime, 2400, 100, 100, 0.812252
Runtime, 2400, 100, 100, 0.810912
Runtime, 2400, 100, 100, 0.809057
Runtime, 2400, 100, 100, 0.811506
Runtime, 2400, 100, 100, 0.811883
Runtime, 2400, 100, 100, 0.810957
Runtime, 2400, 100, 100, 0.811779
Runtime, 2400, 100, 100, 0.813641
Runtime, 2400, 100, 100, 0.813163
Runtime, 2400, 100, 100, 0.809717
Runtime, 2400, 100, 100, 0.812448
Runtime, 2400, 100, 100, 0.813063
Runtime, 2400, 100, 100, 0.815321
Runtime, 2400, 100, 100, 0.807484
Runtime, 2400, 100, 100, 0.807441
Runtime, 2400, 100, 100, 0.807841
Runtime, 2400, 100, 100, 0.806940
Runtime, 2400, 100, 100, 0.809690
Runtime, 2400, 100, 100, 0.806602
Runtime, 2400, 100, 100, 0.809845
Runtime, 2400, 100, 100, 0.806799
Runtime, 2400, 100, 100, 0.809760
Runtime, 2400, 100, 100, 0.808791
Runtime, 2400, 100, 100, 0.806438
Runtime, 2400, 100, 100, 0.806452
Runtime, 2400, 100, 100, 0.809919
Runtime, 2400, 100, 100, 0.808532
Runtime, 2400, 100, 100, 0.808190
Runtime, 2400, 100, 100, 0.808535
Runtime, 2400, 100, 100, 0.809443
Runtime, 2400, 100, 100, 0.810078
Runtime, 2400, 100, 100, 0.811133
Runtime, 2400, 100, 100, 0.808955
Runtime, 2400, 100, 100, 0.810765
Runtime, 2400, 100, 100, 0.805580
Runtime, 2400, 100, 100, 0.810070
Runtime, 2400, 100, 100, 0.807115
Runtime, 2400, 100, 100, 0.805132
Runtime, 2400, 100, 100, 0.810981
Runtime, 2400, 100, 100, 0.810556
Runtime, 2400, 100, 100, 0.809884
Runtime, 2400, 100, 100, 0.805163
Runtime, 2400, 100, 100, 0.810368
Runtime, 2400, 100, 100, 0.809170
Runtime, 2400, 100, 100, 0.808730
Runtime, 2400, 100, 100, 0.808625
Runtime, 2400, 100, 100, 0.809136
Runtime, 2400, 100, 100, 0.806077
Runtime, 2400, 100, 100, 0.810806
Runtime, 2400, 100, 100, 0.810552
Runtime, 2400, 100, 100, 0.809063
Runtime, 2400, 100, 100, 0.808459
Runtime, 2400, 100, 100, 0.806068
Runtime, 2400, 100, 100, 0.811216
Runtime, 2400, 100, 100, 0.810263
Runtime, 2400, 100, 100, 0.811109
Runtime, 2400, 100, 100, 0.807779
Runtime, 2400, 100, 100, 0.806619
Runtime, 2400, 100, 100, 0.809199
Runtime, 2400, 100, 100, 0.808828
Runtime, 2400, 100, 100, 0.806333
Runtime, 2400, 100, 100, 0.807644
Runtime, 2400, 100, 100, 0.810580
Runtime, 2400, 100, 100, 0.810325
Runtime, 2400, 100, 100, 0.809460
Runtime, 2400, 100, 100, 0.807623
Runtime, 2400, 100, 100, 0.808160
Runtime, 2400, 100, 100, 0.811887
Runtime, 2400, 100, 100, 0.810334
Runtime, 2400, 100, 100, 0.809437
Runtime, 2400, 100, 100, 0.811340
Runtime, 2400, 100, 100, 0.809852
Runtime, 2400, 100, 100, 0.808533
Runtime, 2400, 100, 100, 0.809562
Runtime, 2400, 100, 100, 0.806937
Runtime, 2400, 100, 100, 0.809889
Runtime, 2400, 100, 100, 0.811121
Runtime, 2400, 100, 100, 0.805792
Runtime, 2400, 100, 100, 0.809480
Runtime, 2400, 100, 100, 0.807276
Runtime, 2400, 100, 100, 0.809996
Runtime, 2400, 100, 100, 0.805539
Runtime, 2400, 100, 100, 0.811597
Runtime, 2400, 100, 100, 0.806536
Runtime, 2400, 100, 100, 0.811204
Runtime, 2400, 100, 100, 0.805457
Runtime, 2400, 100, 100, 0.807635
Runtime, 2400, 100, 100, 0.807803
Runtime, 2400, 100, 100, 0.806637
Runtime, 2400, 100, 100, 0.808029
Runtime, 2400, 100, 100, 0.810475
Runtime, 2400, 100, 100, 0.807742
Runtime, 2400, 100, 100, 0.809496
Runtime, 2400, 100, 100, 0.810940
Runtime, 2400, 100, 100, 0.811206
Runtime, 2400, 100, 100, 0.806833
Runtime, 2400, 100, 100, 0.808530
Runtime, 2400, 100, 100, 0.808619
Runtime, 2400, 100, 100, 0.808058
Runtime, 2400, 100, 100, 0.806387
Runtime, 2400, 100, 100, 0.811793
Runtime, 2400, 100, 100, 0.807995
Runtime, 2400, 100, 100, 0.805531
Runtime, 2400, 100, 100, 0.810675
Runtime, 2400, 100, 100, 0.809685
Runtime, 2400, 100, 100, 0.810500
Runtime, 2400, 100, 100, 0.807723
Runtime, 2400, 100, 100, 0.846599
Runtime, 2400, 100, 100, 0.806652
Runtime, 2400, 100, 100, 0.808938
Runtime, 2400, 100, 100, 0.807265
Runtime, 2400, 100, 100, 0.809401
Runtime, 2400, 100, 100, 0.805381
Runtime, 2400, 100, 100, 0.836827
Runtime, 2400, 100, 100, 0.834060
Runtime, 2400, 100, 100, 0.837727
Runtime, 2400, 100, 100, 0.836546
Runtime, 2400, 100, 100, 0.833301
Runtime, 2400, 100, 100, 0.836027
Runtime, 2400, 100, 100, 0.833537
Runtime, 2400, 100, 100, 0.835855
Runtime, 2400, 100, 100, 0.837745
Runtime, 2400, 100, 100, 0.836277
Runtime, 2400, 100, 100, 0.837715
Runtime, 2400, 100, 100, 0.835647
Runtime, 2400, 100, 100, 0.837230
Runtime, 2400, 100, 100, 0.836619
Runtime, 2400, 100, 100, 0.835209
Runtime, 2400, 100, 100, 0.835751
Runtime, 2400, 100, 100, 0.831865
Runtime, 2400, 100, 100, 0.832436
Runtime, 2400, 100, 100, 0.837799
Runtime, 2400, 100, 100, 0.836426
Runtime, 2400, 100, 100, 0.834838
Runtime, 2400, 100, 100, 0.838258
Runtime, 2400, 100, 100, 0.832793
Runtime, 2400, 100, 100, 0.838418
Runtime, 2400, 100, 100, 0.835012
Runtime, 2400, 100, 100, 0.833130
Runtime, 2400, 100, 100, 0.832812
Runtime, 2400, 100, 100, 0.839015
Runtime, 2400, 100, 100, 0.838024
Runtime, 2400, 100, 100, 0.833378
Runtime, 2400, 100, 100, 0.838430
Runtime, 2400, 100, 100, 0.835611
Runtime, 2400, 100, 100, 0.834136
Runtime, 2400, 100, 100, 0.836113
Runtime, 2400, 100, 100, 0.893616
Runtime, 2400, 100, 100, 0.850619
Runtime, 2400, 100, 100, 0.836282
Runtime, 2400, 100, 100, 0.835271
Runtime, 2400, 100, 100, 0.832662
Runtime, 2400, 100, 100, 0.834901
Runtime, 2400, 100, 100, 0.836162
Runtime, 2400, 100, 100, 0.837412
Runtime, 2400, 100, 100, 0.837156
Runtime, 2400, 100, 100, 0.839594
Runtime, 2400, 100, 100, 0.837261
Runtime, 2400, 100, 100, 0.833893
Runtime, 2400, 100, 100, 0.833628
Runtime, 2400, 100, 100, 0.837253
Runtime, 2400, 100, 100, 0.838332
Runtime, 2400, 100, 100, 0.833681
Runtime, 2400, 100, 100, 0.832455
Runtime, 2400, 100, 100, 0.838084
Runtime, 2400, 100, 100, 0.834945
Runtime, 2400, 100, 100, 0.835604
Runtime, 2400, 100, 100, 0.835843
Runtime, 2400, 100, 100, 0.834157
Runtime, 2400, 100, 100, 0.838095
Runtime, 2400, 100, 100, 0.832417
Runtime, 2400, 100, 100, 0.835961
Runtime, 2400, 100, 100, 0.833999
Runtime, 2400, 100, 100, 0.850889
Runtime, 2400, 100, 100, 0.835100
Runtime, 2400, 100, 100, 0.835759
Runtime, 2400, 100, 100, 0.833345
Runtime, 2400, 100, 100, 0.835488
Runtime, 2400, 100, 100, 0.838652
Runtime, 2400, 100, 100, 0.831197
Runtime, 2400, 100, 100, 0.835230
Runtime, 2400, 100, 100, 0.836565
Runtime, 2400, 100, 100, 0.834193
Runtime, 2400, 100, 100, 0.837446
Runtime, 2400, 100, 100, 0.836971
Runtime, 2400, 100, 100, 0.835300
Runtime, 2400, 100, 100, 0.835725
Runtime, 2400, 100, 100, 0.837184
Runtime, 2400, 100, 100, 0.837810
Runtime, 2400, 100, 100, 0.838227
Runtime, 2400, 100, 100, 0.833236
Runtime, 2400, 100, 100, 0.838636
Runtime, 2400, 100, 100, 0.836912
Runtime, 2400, 100, 100, 0.836144
Runtime, 2400, 100, 100, 0.836055
Runtime, 2400, 100, 100, 0.839160
Runtime, 2400, 100, 100, 0.838555
Runtime, 2400, 100, 100, 0.834214
Runtime, 2400, 100, 100, 0.831613
Runtime, 2400, 100, 100, 0.834700
Runtime, 2400, 100, 100, 0.833886
Runtime, 2400, 100, 100, 0.835006
Runtime, 2400, 100, 100, 0.835948
Runtime, 2400, 100, 100, 0.836683
Runtime, 2400, 100, 100, 0.838510
Runtime, 2400, 100, 100, 0.832652
Runtime, 2400, 100, 100, 0.838679
Runtime, 2400, 100, 100, 0.848114
Runtime, 2400, 100, 100, 0.835865
Runtime, 2400, 100, 100, 0.839070
Runtime, 2400, 100, 100, 0.836031
Runtime, 2400, 100, 100, 0.835713
Runtime, 2400, 100, 100, 0.832704
Runtime, 2400, 100, 100, 0.645534
Runtime, 2400, 100, 100, 0.644382
Runtime, 2400, 100, 100, 0.641981
Runtime, 2400, 100, 100, 0.644509
Runtime, 2400, 100, 100, 0.643718
Runtime, 2400, 100, 100, 0.645357
Runtime, 2400, 100, 100, 0.646549
Runtime, 2400, 100, 100, 0.645554
Runtime, 2400, 100, 100, 0.646945
Runtime, 2400, 100, 100, 0.642677
Runtime, 2400, 100, 100, 0.645062
Runtime, 2400, 100, 100, 0.646822
Runtime, 2400, 100, 100, 0.643060
Runtime, 2400, 100, 100, 0.641503
Runtime, 2400, 100, 100, 0.645637
Runtime, 2400, 100, 100, 0.644767
Runtime, 2400, 100, 100, 0.645223
Runtime, 2400, 100, 100, 0.645910
Runtime, 2400, 100, 100, 0.643480
Runtime, 2400, 100, 100, 0.641739
Runtime, 2400, 100, 100, 0.644784
Runtime, 2400, 100, 100, 0.644063
Runtime, 2400, 100, 100, 0.644928
Runtime, 2400, 100, 100, 0.644096
Runtime, 2400, 100, 100, 0.641905
Runtime, 2400, 100, 100, 0.644216
Runtime, 2400, 100, 100, 0.644022
Runtime, 2400, 100, 100, 0.644225
Runtime, 2400, 100, 100, 0.643429
Runtime, 2400, 100, 100, 0.645530
Runtime, 2400, 100, 100, 0.644840
Runtime, 2400, 100, 100, 0.645157
Runtime, 2400, 100, 100, 0.644507
Runtime, 2400, 100, 100, 0.643639
Runtime, 2400, 100, 100, 0.647438
Runtime, 2400, 100, 100, 0.645973
Runtime, 2400, 100, 100, 0.642718
Runtime, 2400, 100, 100, 0.643330
Runtime, 2400, 100, 100, 0.645119
Runtime, 2400, 100, 100, 0.643861
Runtime, 2400, 100, 100, 0.643496
Runtime, 2400, 100, 100, 0.645641
Runtime, 2400, 100, 100, 0.643638
Runtime, 2400, 100, 100, 0.642049
Runtime, 2400, 100, 100, 0.645573
Runtime, 2400, 100, 100, 0.645080
Runtime, 2400, 100, 100, 0.642267
Runtime, 2400, 100, 100, 0.646467
Runtime, 2400, 100, 100, 0.644642
Runtime, 2400, 100, 100, 0.642795
Runtime, 2400, 100, 100, 0.643012
Runtime, 2400, 100, 100, 0.643266
Runtime, 2400, 100, 100, 0.643397
Runtime, 2400, 100, 100, 0.645883
Runtime, 2400, 100, 100, 0.643918
Runtime, 2400, 100, 100, 0.645520
Runtime, 2400, 100, 100, 0.644258
Runtime, 2400, 100, 100, 0.645401
Runtime, 2400, 100, 100, 0.642401
Runtime, 2400, 100, 100, 0.646174
Runtime, 2400, 100, 100, 0.645551
Runtime, 2400, 100, 100, 0.646259
Runtime, 2400, 100, 100, 0.647022
Runtime, 2400, 100, 100, 0.643020
Runtime, 2400, 100, 100, 0.646100
Runtime, 2400, 100, 100, 0.645539
Runtime, 2400, 100, 100, 0.644940
Runtime, 2400, 100, 100, 0.644350
Runtime, 2400, 100, 100, 0.641737
Runtime, 2400, 100, 100, 0.646890
Runtime, 2400, 100, 100, 0.645345
Runtime, 2400, 100, 100, 0.641655
Runtime, 2400, 100, 100, 0.656147
Runtime, 2400, 100, 100, 0.645211
Runtime, 2400, 100, 100, 0.646032
Runtime, 2400, 100, 100, 0.646862
Runtime, 2400, 100, 100, 0.645337
Runtime, 2400, 100, 100, 0.644293
Runtime, 2400, 100, 100, 0.641930
Runtime, 2400, 100, 100, 0.645525
Runtime, 2400, 100, 100, 0.645358
Runtime, 2400, 100, 100, 0.642987
Runtime, 2400, 100, 100, 0.641854
Runtime, 2400, 100, 100, 0.644297
Runtime, 2400, 100, 100, 0.643981
Runtime, 2400, 100, 100, 0.645405
Runtime, 2400, 100, 100, 0.640569
Runtime, 2400, 100, 100, 0.645834
Runtime, 2400, 100, 100, 0.644201
Runtime, 2400, 100, 100, 0.645045
Runtime, 2400, 100, 100, 0.644834
Runtime, 2400, 100, 100, 0.644057
Runtime, 2400, 100, 100, 0.643040
Runtime, 2400, 100, 100, 0.641381
Runtime, 2400, 100, 100, 0.642744
Runtime, 2400, 100, 100, 0.644756
Runtime, 2400, 100, 100, 0.643560
Runtime, 2400, 100, 100, 0.644746
Runtime, 2400, 100, 100, 0.646492
Runtime, 2400, 100, 100, 0.644920
Runtime, 2400, 100, 100, 0.638116
Runtime, 2400, 100, 100, 0.637394
Runtime, 2400, 100, 100, 0.637494
Runtime, 2400, 100, 100, 0.636423
Runtime, 2400, 100, 100, 0.639174
Runtime, 2400, 100, 100, 0.636008
Runtime, 2400, 100, 100, 0.637478
Runtime, 2400, 100, 100, 0.638973
Runtime, 2400, 100, 100, 0.639869
Runtime, 2400, 100, 100, 0.638509
Runtime, 2400, 100, 100, 0.639236
Runtime, 2400, 100, 100, 0.638036
Runtime, 2400, 100, 100, 0.634998
Runtime, 2400, 100, 100, 0.638208
Runtime, 2400, 100, 100, 0.635810
Runtime, 2400, 100, 100, 0.637124
Runtime, 2400, 100, 100, 0.636021
Runtime, 2400, 100, 100, 0.634697
Runtime, 2400, 100, 100, 0.636536
Runtime, 2400, 100, 100, 0.674417
Runtime, 2400, 100, 100, 0.639696
Runtime, 2400, 100, 100, 0.635630
Runtime, 2400, 100, 100, 0.638815
Runtime, 2400, 100, 100, 0.637775
Runtime, 2400, 100, 100, 0.637760
Runtime, 2400, 100, 100, 0.639980
Runtime, 2400, 100, 100, 0.638794
Runtime, 2400, 100, 100, 0.637482
Runtime, 2400, 100, 100, 0.639094
Runtime, 2400, 100, 100, 0.639140
Runtime, 2400, 100, 100, 0.639931
Runtime, 2400, 100, 100, 0.635734
Runtime, 2400, 100, 100, 0.640221
Runtime, 2400, 100, 100, 0.636759
Runtime, 2400, 100, 100, 0.638858
Runtime, 2400, 100, 100, 0.640072
Runtime, 2400, 100, 100, 0.637563
Runtime, 2400, 100, 100, 0.637584
Runtime, 2400, 100, 100, 0.636812
Runtime, 2400, 100, 100, 0.637943
Runtime, 2400, 100, 100, 0.639870
Runtime, 2400, 100, 100, 0.637263
Runtime, 2400, 100, 100, 0.639641
Runtime, 2400, 100, 100, 0.639691
Runtime, 2400, 100, 100, 0.637204
Runtime, 2400, 100, 100, 0.637847
Runtime, 2400, 100, 100, 0.638344
Runtime, 2400, 100, 100, 0.637891
Runtime, 2400, 100, 100, 0.640158
Runtime, 2400, 100, 100, 0.639350
Runtime, 2400, 100, 100, 0.640004
Runtime, 2400, 100, 100, 0.637802
Runtime, 2400, 100, 100, 0.639808
Runtime, 2400, 100, 100, 0.637813
Runtime, 2400, 100, 100, 0.640244
Runtime, 2400, 100, 100, 0.636869
Runtime, 2400, 100, 100, 0.638389
Runtime, 2400, 100, 100, 0.637138
Runtime, 2400, 100, 100, 0.640050
Runtime, 2400, 100, 100, 0.638668
Runtime, 2400, 100, 100, 0.636087
Runtime, 2400, 100, 100, 0.650235
Runtime, 2400, 100, 100, 0.636024
Runtime, 2400, 100, 100, 0.634979
Runtime, 2400, 100, 100, 0.639610
Runtime, 2400, 100, 100, 0.638127
Runtime, 2400, 100, 100, 0.637794
Runtime, 2400, 100, 100, 0.639447
Runtime, 2400, 100, 100, 0.634761
Runtime, 2400, 100, 100, 0.636802
Runtime, 2400, 100, 100, 0.638614
Runtime, 2400, 100, 100, 0.638689
Runtime, 2400, 100, 100, 0.636406
Runtime, 2400, 100, 100, 0.638943
Runtime, 2400, 100, 100, 0.639965
Runtime, 2400, 100, 100, 0.637553
Runtime, 2400, 100, 100, 0.639934
Runtime, 2400, 100, 100, 0.636578
Runtime, 2400, 100, 100, 0.639178
Runtime, 2400, 100, 100, 0.637104
Runtime, 2400, 100, 100, 0.638123
Runtime, 2400, 100, 100, 0.636829
Runtime, 2400, 100, 100, 0.637897
Runtime, 2400, 100, 100, 0.637946
Runtime, 2400, 100, 100, 0.639717
Runtime, 2400, 100, 100, 0.638113
Runtime, 2400, 100, 100, 0.637272
Runtime, 2400, 100, 100, 0.636840
Runtime, 2400, 100, 100, 0.634502
Runtime, 2400, 100, 100, 0.636829
Runtime, 2400, 100, 100, 0.640048
Runtime, 2400, 100, 100, 0.634980
Runtime, 2400, 100, 100, 0.639696
Runtime, 2400, 100, 100, 0.639481
Runtime, 2400, 100, 100, 0.637212
Runtime, 2400, 100, 100, 0.635534
Runtime, 2400, 100, 100, 0.638327
Runtime, 2400, 100, 100, 0.638388
Runtime, 2400, 100, 100, 0.639298
Runtime, 2400, 100, 100, 0.639325
Runtime, 2400, 100, 100, 0.623314
Runtime, 2400, 100, 100, 0.625353
Runtime, 2400, 100, 100, 0.636224
Runtime, 2400, 100, 100, 0.624087
Runtime, 2400, 100, 100, 0.623726
Runtime, 2400, 100, 100, 0.621219
Runtime, 2400, 100, 100, 0.623017
Runtime, 2400, 100, 100, 0.620183
Runtime, 2400, 100, 100, 0.622083
Runtime, 2400, 100, 100, 0.622152
Runtime, 2400, 100, 100, 0.621069
Runtime, 2400, 100, 100, 0.623151
Runtime, 2400, 100, 100, 0.623671
Runtime, 2400, 100, 100, 0.620241
Runtime, 2400, 100, 100, 0.622846
Runtime, 2400, 100, 100, 0.624186
Runtime, 2400, 100, 100, 0.622662
Runtime, 2400, 100, 100, 0.622233
Runtime, 2400, 100, 100, 0.624542
Runtime, 2400, 100, 100, 0.620620
Runtime, 2400, 100, 100, 0.622577
Runtime, 2400, 100, 100, 0.621733
Runtime, 2400, 100, 100, 0.623054
Runtime, 2400, 100, 100, 0.623470
Runtime, 2400, 100, 100, 0.621466
Runtime, 2400, 100, 100, 0.623382
Runtime, 2400, 100, 100, 0.621797
Runtime, 2400, 100, 100, 0.656907
Runtime, 2400, 100, 100, 0.623818
Runtime, 2400, 100, 100, 0.622349
Runtime, 2400, 100, 100, 0.619781
Runtime, 2400, 100, 100, 0.624243
Runtime, 2400, 100, 100, 0.623056
Runtime, 2400, 100, 100, 0.621862
Runtime, 2400, 100, 100, 0.624492
Runtime, 2400, 100, 100, 0.621456
Runtime, 2400, 100, 100, 0.622275
Runtime, 2400, 100, 100, 0.623312
Runtime, 2400, 100, 100, 0.623063
Runtime, 2400, 100, 100, 0.624454
Runtime, 2400, 100, 100, 0.621510
Runtime, 2400, 100, 100, 0.625432
Runtime, 2400, 100, 100, 0.623073
Runtime, 2400, 100, 100, 0.706974
Runtime, 2400, 100, 100, 0.625011
Runtime, 2400, 100, 100, 0.623828
Runtime, 2400, 100, 100, 0.621541
Runtime, 2400, 100, 100, 0.622602
Runtime, 2400, 100, 100, 0.624582
Runtime, 2400, 100, 100, 0.619865
Runtime, 2400, 100, 100, 0.620490
Runtime, 2400, 100, 100, 0.623705
Runtime, 2400, 100, 100, 0.622114
Runtime, 2400, 100, 100, 0.622647
Runtime, 2400, 100, 100, 0.622899
Runtime, 2400, 100, 100, 0.623786
Runtime, 2400, 100, 100, 0.623217
Runtime, 2400, 100, 100, 0.662471
Runtime, 2400, 100, 100, 0.633789
Runtime, 2400, 100, 100, 0.622181
Runtime, 2400, 100, 100, 0.622599
Runtime, 2400, 100, 100, 0.623673
Runtime, 2400, 100, 100, 0.620880
Runtime, 2400, 100, 100, 0.621231
Runtime, 2400, 100, 100, 0.623188
Runtime, 2400, 100, 100, 0.621195
Runtime, 2400, 100, 100, 0.623001
Runtime, 2400, 100, 100, 0.623722
Runtime, 2400, 100, 100, 0.623364
Runtime, 2400, 100, 100, 0.623716
Runtime, 2400, 100, 100, 0.624853
Runtime, 2400, 100, 100, 0.623482
Runtime, 2400, 100, 100, 0.622311
Runtime, 2400, 100, 100, 0.624275
Runtime, 2400, 100, 100, 0.624488
Runtime, 2400, 100, 100, 0.682043
Runtime, 2400, 100, 100, 0.623534
Runtime, 2400, 100, 100, 0.619143
Runtime, 2400, 100, 100, 0.624421
Runtime, 2400, 100, 100, 0.623523
Runtime, 2400, 100, 100, 0.621734
Runtime, 2400, 100, 100, 0.621925
Runtime, 2400, 100, 100, 0.622569
Runtime, 2400, 100, 100, 0.621272
Runtime, 2400, 100, 100, 0.623746
Runtime, 2400, 100, 100, 0.621191
Runtime, 2400, 100, 100, 0.621724
Runtime, 2400, 100, 100, 0.623946
Runtime, 2400, 100, 100, 0.623445
Runtime, 2400, 100, 100, 0.623966
Runtime, 2400, 100, 100, 0.621578
Runtime, 2400, 100, 100, 0.621743
Runtime, 2400, 100, 100, 0.619453
Runtime, 2400, 100, 100, 0.623441
Runtime, 2400, 100, 100, 0.622885
Runtime, 2400, 100, 100, 0.708088
Runtime, 2400, 100, 100, 0.624864
Runtime, 2400, 100, 100, 0.622899
Runtime, 2400, 100, 100, 0.622606
Runtime, 2400, 100, 100, 0.620221
Runtime, 2400, 100, 100, 0.631161
Runtime, 2400, 100, 100, 0.713996
Runtime, 2400, 100, 100, 0.628837
Runtime, 2400, 100, 100, 0.627293
Runtime, 2400, 100, 100, 0.630974
Runtime, 2400, 100, 100, 0.627996
Runtime, 2400, 100, 100, 0.629977
Runtime, 2400, 100, 100, 0.627945
Runtime, 2400, 100, 100, 0.630517
Runtime, 2400, 100, 100, 0.629268
Runtime, 2400, 100, 100, 0.631101
Runtime, 2400, 100, 100, 0.629969
Runtime, 2400, 100, 100, 0.628331
Runtime, 2400, 100, 100, 0.631852
Runtime, 2400, 100, 100, 0.631590
Runtime, 2400, 100, 100, 0.630269
Runtime, 2400, 100, 100, 0.631444
Runtime, 2400, 100, 100, 0.629657
Runtime, 2400, 100, 100, 0.631568
Runtime, 2400, 100, 100, 0.629831
Runtime, 2400, 100, 100, 0.630526
Runtime, 2400, 100, 100, 0.630837
Runtime, 2400, 100, 100, 0.631394
Runtime, 2400, 100, 100, 0.669420
Runtime, 2400, 100, 100, 0.629178
Runtime, 2400, 100, 100, 0.630406
Runtime, 2400, 100, 100, 0.640703
Runtime, 2400, 100, 100, 0.630538
Runtime, 2400, 100, 100, 0.630485
Runtime, 2400, 100, 100, 0.630990
Runtime, 2400, 100, 100, 0.628413
Runtime, 2400, 100, 100, 0.629743
Runtime, 2400, 100, 100, 0.631277
Runtime, 2400, 100, 100, 0.629626
Runtime, 2400, 100, 100, 0.631154
Runtime, 2400, 100, 100, 0.630126
Runtime, 2400, 100, 100, 0.628965
Runtime, 2400, 100, 100, 0.630149
Runtime, 2400, 100, 100, 0.628909
Runtime, 2400, 100, 100, 0.630259
Runtime, 2400, 100, 100, 0.630935
Runtime, 2400, 100, 100, 0.629463
Runtime, 2400, 100, 100, 0.630459
Runtime, 2400, 100, 100, 0.631631
Runtime, 2400, 100, 100, 0.630651
Runtime, 2400, 100, 100, 0.630668
Runtime, 2400, 100, 100, 0.630405
Runtime, 2400, 100, 100, 0.644740
Runtime, 2400, 100, 100, 0.630239
Runtime, 2400, 100, 100, 0.628718
Runtime, 2400, 100, 100, 0.630337
Runtime, 2400, 100, 100, 0.628355
Runtime, 2400, 100, 100, 0.630253
Runtime, 2400, 100, 100, 0.628514
Runtime, 2400, 100, 100, 0.627494
Runtime, 2400, 100, 100, 0.629739
Runtime, 2400, 100, 100, 0.629632
Runtime, 2400, 100, 100, 0.630780
Runtime, 2400, 100, 100, 0.628702
Runtime, 2400, 100, 100, 0.631620
Runtime, 2400, 100, 100, 0.629832
Runtime, 2400, 100, 100, 0.628734
Runtime, 2400, 100, 100, 0.628729
Runtime, 2400, 100, 100, 0.630504
Runtime, 2400, 100, 100, 0.630859
Runtime, 2400, 100, 100, 0.629151
Runtime, 2400, 100, 100, 0.629691
Runtime, 2400, 100, 100, 0.640006
Runtime, 2400, 100, 100, 0.629617
Runtime, 2400, 100, 100, 0.631256
Runtime, 2400, 100, 100, 0.627895
Runtime, 2400, 100, 100, 0.630586
Runtime, 2400, 100, 100, 0.630735
Runtime, 2400, 100, 100, 0.632019
Runtime, 2400, 100, 100, 0.631368
Runtime, 2400, 100, 100, 0.630874
Runtime, 2400, 100, 100, 0.630701
Runtime, 2400, 100, 100, 0.629133
Runtime, 2400, 100, 100, 0.628014
Runtime, 2400, 100, 100, 0.629588
Runtime, 2400, 100, 100, 0.628713
Runtime, 2400, 100, 100, 0.644964
Runtime, 2400, 100, 100, 0.629427
Runtime, 2400, 100, 100, 0.629080
Runtime, 2400, 100, 100, 0.629800
Runtime, 2400, 100, 100, 0.630763
Runtime, 2400, 100, 100, 0.629971
Runtime, 2400, 100, 100, 0.632280
Runtime, 2400, 100, 100, 0.630136
Runtime, 2400, 100, 100, 0.628711
Runtime, 2400, 100, 100, 0.627605
Runtime, 2400, 100, 100, 0.627754
Runtime, 2400, 100, 100, 0.663635
Runtime, 2400, 100, 100, 0.631101
Runtime, 2400, 100, 100, 0.629714
Runtime, 2400, 100, 100, 0.629552
Runtime, 2400, 100, 100, 0.629406
Runtime, 2400, 100, 100, 0.631697
Runtime, 2400, 100, 100, 0.630472
Runtime, 2400, 100, 100, 0.629506
Runtime, 2400, 100, 100, 0.619105
Runtime, 2400, 100, 100, 0.619345
Runtime, 2400, 100, 100, 0.617541
Runtime, 2400, 100, 100, 0.629462
Runtime, 2400, 100, 100, 0.620949
Runtime, 2400, 100, 100, 0.619162
Runtime, 2400, 100, 100, 0.621898
Runtime, 2400, 100, 100, 0.620501
Runtime, 2400, 100, 100, 0.634449
Runtime, 2400, 100, 100, 0.618028
Runtime, 2400, 100, 100, 0.621208
Runtime, 2400, 100, 100, 0.618177
Runtime, 2400, 100, 100, 0.618019
Runtime, 2400, 100, 100, 0.617107
Runtime, 2400, 100, 100, 0.616327
Runtime, 2400, 100, 100, 0.619135
Runtime, 2400, 100, 100, 0.626150
Runtime, 2400, 100, 100, 0.621866
Runtime, 2400, 100, 100, 0.621465
Runtime, 2400, 100, 100, 0.621075
Runtime, 2400, 100, 100, 0.617723
Runtime, 2400, 100, 100, 0.617639
Runtime, 2400, 100, 100, 0.621489
Runtime, 2400, 100, 100, 0.617039
Runtime, 2400, 100, 100, 0.621821
Runtime, 2400, 100, 100, 0.623188
Runtime, 2400, 100, 100, 0.617933
Runtime, 2400, 100, 100, 0.620252
Runtime, 2400, 100, 100, 0.619764
Runtime, 2400, 100, 100, 0.618748
Runtime, 2400, 100, 100, 0.618099
Runtime, 2400, 100, 100, 0.621003
Runtime, 2400, 100, 100, 0.620091
Runtime, 2400, 100, 100, 0.618039
Runtime, 2400, 100, 100, 0.621201
Runtime, 2400, 100, 100, 0.639791
Runtime, 2400, 100, 100, 0.618303
Runtime, 2400, 100, 100, 0.618990
Runtime, 2400, 100, 100, 0.619841
Runtime, 2400, 100, 100, 0.634159
Runtime, 2400, 100, 100, 0.619817
Runtime, 2400, 100, 100, 0.619119
Runtime, 2400, 100, 100, 0.620936
Runtime, 2400, 100, 100, 0.621491
Runtime, 2400, 100, 100, 0.618970
Runtime, 2400, 100, 100, 0.618142
Runtime, 2400, 100, 100, 0.620721
Runtime, 2400, 100, 100, 0.619203
Runtime, 2400, 100, 100, 0.631346
Runtime, 2400, 100, 100, 0.617262
Runtime, 2400, 100, 100, 0.623773
Runtime, 2400, 100, 100, 0.620313
Runtime, 2400, 100, 100, 0.619267
Runtime, 2400, 100, 100, 0.620409
Runtime, 2400, 100, 100, 0.617813
Runtime, 2400, 100, 100, 0.657105
Runtime, 2400, 100, 100, 0.621263
Runtime, 2400, 100, 100, 0.619940
Runtime, 2400, 100, 100, 0.616838
Runtime, 2400, 100, 100, 0.644842
Runtime, 2400, 100, 100, 0.619300
Runtime, 2400, 100, 100, 0.618900
Runtime, 2400, 100, 100, 0.619752
Runtime, 2400, 100, 100, 0.619978
Runtime, 2400, 100, 100, 0.621362
Runtime, 2400, 100, 100, 0.620803
Runtime, 2400, 100, 100, 0.635314
Runtime, 2400, 100, 100, 0.616917
Runtime, 2400, 100, 100, 0.619476
Runtime, 2400, 100, 100, 0.617531
Runtime, 2400, 100, 100, 0.618799
Runtime, 2400, 100, 100, 0.620038
Runtime, 2400, 100, 100, 0.621076
Runtime, 2400, 100, 100, 0.621403
Runtime, 2400, 100, 100, 0.619159
Runtime, 2400, 100, 100, 0.619573
Runtime, 2400, 100, 100, 0.616898
Runtime, 2400, 100, 100, 0.635329
Runtime, 2400, 100, 100, 0.618889
Runtime, 2400, 100, 100, 0.617148
Runtime, 2400, 100, 100, 0.619976
Runtime, 2400, 100, 100, 0.633124
Runtime, 2400, 100, 100, 0.621019
Runtime, 2400, 100, 100, 0.620386
Runtime, 2400, 100, 100, 0.617890
Runtime, 2400, 100, 100, 0.619096
Runtime, 2400, 100, 100, 0.642118
Runtime, 2400, 100, 100, 0.616544
Runtime, 2400, 100, 100, 0.617430
Runtime, 2400, 100, 100, 0.620918
Runtime, 2400, 100, 100, 0.621791
Runtime, 2400, 100, 100, 0.620047
Runtime, 2400, 100, 100, 0.619161
Runtime, 2400, 100, 100, 0.619935
Runtime, 2400, 100, 100, 0.620959
Runtime, 2400, 100, 100, 0.616374
Runtime, 2400, 100, 100, 0.631056
Runtime, 2400, 100, 100, 0.619678
Runtime, 2400, 100, 100, 0.618596
Runtime, 2400, 100, 100, 0.620811
